﻿<?xml version="1.0" encoding="UTF-8"?>
<data>
	<host></host>
	<music content="music/loading_loop.mp3"></music>
	<keywords>摩托罗拉,DroidX</keywords>
	<!--素材部分-->
	<common src="main_index.swf"  size="391000"/>
	<common src="invite_asset.swf" size="287000"/>
	<!--菜单部分-->
	<menu>
		<list name="首页" src="main_index.swf"/>
		<list name="超能展示" src="demo/motoSong.swf">
			<!--动画展示部分-->
			<show name="智能开放平台" src="demo/sub1.swf"/>
			<show name="私享日志" src="demo/sub2.swf"/>
			<show name="自定义主屏" src="demo/sub3.swf"/>
			<show name="高速互联网" src="demo/sub4.swf"/>
			<show name="随身音乐管家" src="demo/sub5.swf"/>
		</list>
		<list name="利器详解" src="specpage_xt301.swf"/>
		<list name="网上热卖" src="http://www.motostore.com.cn/?WT.mc_id=ECJUYOUQULABUY001&outurl=1"/>
	</menu>
	<info>
		<list name="立即注册" src="http://join.motorola.com.cn/member/login.html?campaign=Campaign_JUYOUQU"/>
		<list name="体验DroidX" src="http://www.motostore.com.cn/?WT.mc_id=ECJUYOUQULABUY001&outurl=1"/>
	</info>
</data>