﻿<?xml version="1.0" encoding="utf-8" ?>
<data>
	<metro name="1号线沿线楼盘" colors="0xd00000" abled="true">
		<![CDATA[main.htm?1]]>
	</metro>
	<metro name="2号线沿线楼盘" colors="0x0065ca" abled="true">
		<![CDATA[main.htm?2]]>
	</metro>
	<metro name="4号线沿线楼盘" colors="0x1ad24e" abled="true">
		<![CDATA[main.htm?4]]>
	</metro>
	<metro name="5号线沿线楼盘" colors="0x9b0066" abled="true">
		<![CDATA[main.htm?5]]>
	</metro>
	<metro name="8号线沿线楼盘" colors="0x016533" abled="true">
		<![CDATA[main.htm?8]]>
	</metro>
	<metro name="10号线沿线楼盘" colors="0x019aff" abled="true">
		<![CDATA[main.htm?10]]>
	</metro>
	<metro name="13号线沿线楼盘" colors="0xffcf2f" abled="true">
		<![CDATA[main.htm?13]]>
	</metro>
	<metro name="机场快线沿线楼盘" colors="0x9455a6" abled="true">
		<![CDATA[main.htm?jichang]]>
	</metro>
	<metro name="八通线沿线楼盘" colors="0xd00000" abled="true">
		<![CDATA[main.htm?batong]]>
	</metro>
	
</data>